run,t_pvalue,wilcoxon_pvalue
yolo11n,1.1848575146409505e-42,5.693292000829539e-23
yolo11n_OBB_DSConv,8.373737582432101e-32,5.303541927267449e-29
yolo11n_OBB_FasterNet,1.3468622070883383e-31,1.6759435538733157e-23
yolo11n_OBB_SPDCnov,3.473042173133191e-29,1.0805301477833199e-28
yolo26-OBB,1.2906419506878568e-60,2.5468263428122084e-29
yolo26n,1.5078604749057772e-48,3.470276550057302e-27
yolofinally_score,9.594553450697593e-22,1.0410797689039949e-19
